,Topic,,,Article,,,
,Series Level 1,Series Level 2,Series Level 3,,URL*,,
01,Making & Multiplying Disciples Newsletter,,,,,,
02,Total Life Discipleship,,,,,,
,,,,1. What Is Total Life Discipleship,30101-01-what-is-total-life-discipleship,,
,,,,2. God's Vision,30101-02-gods-vision-of-you,,
,,,,3. Personal Transformation,30101-03-personal-transformation,,
,,,,4. Eternal Impact,30101-04-created-for-eternal-impact,,
,,,,5. Kingdom Maturity,30101-05-kingdom-maturity,,
,,,,6. Kingdom Faith,30101-06-kingdom-faith,,
,,,,7. Kingdom Power (Be Filled with the Holy Spirit),30101-07-kingdom-power-be-filled-with-the-holy-spirit,,
,,,,8. Kingdom Power (Walk in the Spirit),30101-08-kingdom-power-walk-in-the-spirit,,
,,,,9. Kingdom Prayer (Topics),30101-09-kingdom-prayer-topics,,
,,,,10. Kingdom Prayer (Building Blocks),30101-10-kingdom-prayer-building-blocks,,
,,,,11. Kingdom Promises,30101-11-kingdom-promises,,
,,,,12. Kingdom Authority,30101-12-kingdom-authority,,
03,Become a Growing Church,,,,,,
,,,,1. God's Unique Vision for Kingdom-focused Growth,,,
,,,,2. JesusOnline EQUIPPED Church,,,
,,,,3. Total Life Discipleship Church,,,
,,,,4. Transformational Teaching Church,,,
,,,,5. Spirit-dependent Church,,,
,,,,6. Hope-filled Church,,,
,,,,7. Love-demonstrating Relational Church,,,
,,,,8. Intentional Worship Church,,,
,,,,9. Great Commission Church,,,
,,,,10. Online Outreach Church,,,
,,,,11. Attractive Church,,,
,,,,12. Inviting Church,,,
,,,,13. Model/Exammple Church,,,
04,Share Jesus,,,,,,
,,04.1 Understanding Evangelism,,,,,
,,,,1. What Is Evangelism?,,40101-what-is-evangelism,
,,,,2. Reasons Why Believers Should Witness,,40102-reasons-why-believers-should-witness,
,,,,3. Why Christians Fail to Witness,,40103-why-christians-fail-to-witness,
,,,,4. The Importance of Scripture,,40104-the-importance-of-scripture-in-evangelism,
,,,,5. Evangelism Is A Process,,41105-evangelism-is-a-process,
,,,,6. Digital Evangelism,,40106-digital-evangelism,
,,,,7. Answering Questions,,40107-answering-questions,
,,04.2 Sharing Your Faith,,,,,
,,,,1. The Power,,41005-the-power,
,,,,2. Your Personal Testimony,,41006-your-personal-testimony,
,,,,3. Attitudes and Approaches,,41007-attitudes-and-approaches,
,,,,4. Asking Questions Using  Conversations,,41008-asking-questions-using-conversations,
,,,,5. Articulating the Gospel,,41010-articulating-the-gospel,
,,,,6. Answering Objections,,41013-answering-objections,
,,,,7. Answering Specific Objections,,41014-answering-specific-objections,
,,04.3 Next Steps for New Believers,,,,,
,,,,1. Next Steps for New Believers,,43001-next-steps-for-new-believers,
,,,,2. Your First Step,,43002-your-first-step,
,,,,3. Assurance of Your Salvation,,43003-assurance-of-your-salvation,
,,,,4. Embrace Your New Identity,,43004-embrace-your-new-identity,
,,,,5. Accept God’s Love,,43005-accept-gods-love,
,,,,6. Depend on the Spirit,,43006-depend-on-the-spirit,
,,,,7. Enjoy God’s Family,,43007-enjoy-gods-family,
,,,,8. Discover God’s Plan for You,,43008-discover-gods-plan-for-you,
05,Sermon Toolbox,,,,,,
,,Bible Study Tools,,,,Article in the shared OneDrive folder ,
06,Bible Mastery,,,,,,
,,06.1 Bible Study Methods,,,,,
,,,,1. Inductive Bible Study Method,,Article in the shared OneDrive folder ,
,,,,2. S.O.A.P. Method,,Article in the shared OneDrive folder ,
,,,,3. Topical/Thematic Bible Study Method,,Article in the shared OneDrive folder ,
,,,,4. R.E.C.A.P. Method,,Article in the shared OneDrive folder ,
,,06.2 Online Bible Training (Joshua Nations),,,,,
,,,06.2.1 Year 1,,,,
,,,,1. JN101 | Bible Doctrine,https://joshuanations.org/lessons/jn101-bible-doctrine,,
,,,,2. JN102 | Doctrine of God the Father,https://joshuanations.org/lessons/jn102-doctrine-of-god-the-father,,
,,,,3. JN103 | Doctrine of the Son,https://joshuanations.org/lessons/doctrine-of-the-father,,
,,,,4. JN104 | Doctrine of God the Spirit / The Person of the Holy Spirit and the Trinity,https://joshuanations.org/lessons/doctrine-of-god-the-spirit-the-person-of-the-holy-spirit-and-the-trinity,,
,,,,5. JN105 | The Holy Spirit and the Life of a Believer,https://joshuanations.org/lessons/jn105-the-holy-spirit-and-the-life-of-a-believer,,
,,,,6. JN106 | Angels and Demons,https://joshuanations.org/lessons/lesson-06-angels-and-demons,,
,,,,7. JN107 | Man and Sin,https://joshuanations.org/lessons/jn107-man-and-demons,,
,,,,8. JN108 | Covenants and Salvation,https://joshuanations.org/lessons/jn108-covenants-and-salvation,,
,,,,9. JN109 | The Church,https://joshuanations.org/lessons/jn109-the-church,,
,,,,10. JN110 | The End Times,https://joshuanations.org/lessons/jn110-the-end-time,,
,,,,11. JN111 | Old Testament Survey,https://joshuanations.org/lessons/jn111-old-testament-survey,,
,,,,12. JN112 | New Testament Survey,https://joshuanations.org/lessons/jn112-new-testament-survey-2,,
,,,,13. JN113 |  Faith,https://joshuanations.org/lessons/jn113-faith,,
,,,,14. JN114 | Prayer,https://joshuanations.org/lessons/jn114-prayer,,
,,,,15. JN115 |  Evangelism and Missions,https://joshuanations.org/lessons/jn115-evangelism,,
,,,,16. JN116 | Discipleship,https://joshuanations.org/lessons/jn116-discipleship,,
,,,,17. JN117 | Biblical Prosperity and Stewardship,https://joshuanations.org/lessons/jn117-stewardship,,
,,,06.2.2 Year 2,,,,
,,,,1. JN201 | The Roles within the Family,https://joshuanations.org/lessons/jn201-the-roles-within-the-family,,
,,,,2. JN202 | Raising Spiritual Champions,https://joshuanations.org/lessons/jn202-raising-spiritual-champions,,
,,,,3. JN203 | The Five-Fold Ministry,https://joshuanations.org/lessons/jn203-the-five-fold-ministry,,
,,,,4. JN204 | Church Planting (part 1),https://joshuanations.org/lessons/jn204-church-planting-part-1,,
,,,,5. JN205 | Church Planting (part 2),https://joshuanations.org/lessons/jn205-church-planting-part-2,,
,,,,6. JN206 | Marketplace Ministry (part 1),https://joshuanations.org/lessons/jn206-marketplace-ministry-part-1,,
,,,,7. JN207 | Marketplace Ministry (part 2),https://joshuanations.org/lessons/jn207-marketplace-ministry-part-2,,
,,,,8. JN208 | Preaching Ministry,https://joshuanations.org/lessons/jn208-preaching-ministry,,
,,,,9. JN209 | The Sacraments of the Church,https://joshuanations.org/lessons/jn209-the-sacraments-of-the-church,,
,,,,10. JN120 | People Skills,https://joshuanations.org/lessons/jn210-people-skills,,
,,,,11. JN211 | Managing Ministry,https://joshuanations.org/lessons/jn211-managing-ministry,,
,,,,12. JN212 | Social Justice and Adoption,https://joshuanations.org/lessons/jn212-lesson-12-social-justice-and-adoption,,
,,,,13. JN213 | Leadership,https://joshuanations.org/lessons/jn213-leadership,,
,,,,14. JN214 | Developing a Vision,https://joshuanations.org/lessons/jn214-developing-a-vision,,
,,,,15. JN215 | Delegation,https://joshuanations.org/lessons/jn215-delegation,,
,,,,16. JN216 | Spiritual Growth Disciplines,https://joshuanations.org/lessons/jn216-spiritual-growth-disciplines,,
,,,,17. JN217 | Identity in Christ,http://joshuanations.org/lessons/jn217-identity-in-christ,,
,,,,18. JN218 | Hearing the Voice of God,https://joshuanations.org/lessons/jn218-hearing-the-voice-of-god,,
,,,,19. JN219 | God's Heart for Israel,https://joshuanations.org/lessons/jn219-gods-heart-for-israel,,
,,06.3 Survey of the Bible (Joshua Nations),,,,,
,,,06.3.1 Old Tesatament Survey,,,,
,,,,Old Testament Introduction,93651-old-tesatament-introduction,,
,,,,Genesis,93651-1-genesis,,
,,,,Exodus,93651-2-exodus,,
,,,,Leviticus,93651-3-leviticus,,
,,,,Numbers,93651-4-numbers,,
,,,,Deuteronomy,93651-5-deuteronomy,,
,,,,Joshua,93651-6-joshua,,
,,,,Judges,93651-7-judges,,
,,,,Ruth,93651-8-ruth,,
,,,,1 Samuel,93651-9-1-samuel,,
,,,,2 Samuel,93652-0-2-samuel,,
,,,,1 Kings,93652-1-1-kings,,
,,,,2 Kings,93652-2-2-kings,,
,,,,1 & 2 Chronicles,93652-3-1-&-2-chronicles,,
,,,,Ezra and Nehemiah,93652-4-ezra-and-nehemiah,,
,,,,Esther,93652-5-esther,,
,,,,Job,93652-6-job,,
,,,,Psalms,93652-7-psalms,,
,,,,Proverbs,93652-8-proverbs,,
,,,,Ecclesiastes,93652-9-ecclesiastes,,
,,,,Song of Songs,93653-0-song-of-songs,,
,,,,Isaiah,93653-1-isaiah,,
,,,,Jeremiah,93653-2-jeremiah,,
,,,,Lamentations,93653-3-lamentation,,
,,,,Ezekiel,93653-4-ezekiel,,
,,,,Daniel,93653-5-daniel,,
,,,,Hosea,93653-6-hosea,,
,,,,Joel,93653-7-joel,,
,,,,Amos,93653-8-amos,,
,,,,Obadiah,93653-9-obadiah,,
,,,,Jonah,93654-0-jonah,,
,,,,Micah,93654-1-micah,,
,,,,Nahum,93654-2-nahum,,
,,,,Habakkuk,93654-3-habakkuk,,
,,,,Zephaniah,93654-4-Zephaniah,,
,,,,Haggai,93654-5-haggai,,
,,,,Zechariah,93654-6-Zechariah,,
,,,,Malachi,93654-7-malachi,,
,,,06.3.2 New Testament Survey,,,,
,,,,1. Matthew,93660-1-matthew,,
,,,,2. Mark,93660-2-mark,,
,,,,3. Luke,93660-3-luke,,
,,,,4. John,93660-4-john,,
,,,,5. Acts,93660-5-acts,,
,,,,6. Romans,93660-6-romans,,
,,,,7. 1 Corinthians,93660-7-1-corinthians,,
,,,,8. 2 Corinthians,93660-8-2-corinthians,,
,,,,9. Galatians,93660-9-galatians,,
,,,,10. Ephesians,93661-0-epehsians,,
,,,,11. Philippians,93661-1-colossians,,
,,,,12. Colossians,93661-2-philippians,,
,,,,13. 1 Thessalonians,93661-3--1-thessalonians,,
,,,,14. 2 Thessalonians,93661-4-2-thessalonians,,
,,,,15. 1 Timothy,93661-5-1-timothy,,
,,,,16. 2 Timothy,93661-6-2-timothy,,
,,,,17. Titus,93661-7-titus,,
,,,,18. Philemon,93661-8-philemon,,
,,,,19. Hebrews,93661-9-hebrew,,
,,,,20. James,93662-0-james,,
,,,,21. 1 Peter,93662-1-1-peter,,
,,,,22. 2 Peter,93662-2-2-peter,,
,,,,23. 1 John,93662-3-1-john,,
,,,,24. 2 John,93662-4-2-john,,
,,,,25. 3 John,93662-5-3-john,,
,,,,26. Jude,93662-6-jude,,
,,,,27. Revelation,93662-7-revelation,,
,,06.4 BibleProject,,,,,
,,,06.4.1 Old Testament,,,,
,,,,Overview: TaNaK / Old Testament,38601-overview-tanak-old-testament,,
,,,,Overview: Genesis Ch. 1-11,38602-overview-genesis-ch-1-11,,
,,,,Overview: Genesis Ch. 12-50,38603-overview-genesis-ch-12-50,,
,,,,Overview: Exodus Ch. 1 -18,38604-overview-exodus-ch-1-18,,
,,,,Overview: Exodus Ch. 19-40,38605-overview-exodus-ch-19-40,,
,,,,Overview: Leviticus,38606-overview-leviticus,,
,,,,Overview: Numbers,38607-overview-numbers,,
,,,,Overview: Deuteronomy,38608-overview-deuteronomy,,
,,,,Overview: Joshua,38609-overview-joshua,,
,,,,Overview: Judges,38610-overview-judges,,
,,,,Overview: 1 Samuel,38611-overview-1-samuel,,
,,,,Overview: 2 Samuel,38612-overview-2-samuel,,
,,,,Overview: 1-2 Kings,38613-overview-1-2-kings,,
,,,,Overview: Isaiah 1-39,38614-overview-isaiah-1-39,,
,,,,Overview: Isaiah 40-66,38615-overview-isaiah-40-66,,
,,,,Overview: Jeremiah,38616-overview-jeremiah,,
,,,,Overview: Ezekiel 1-33,38617-overview-ezekiel-1-33,,
,,,,Overview: Ezekiel 34-48,38618-overview-ezekiel-34-48,,
,,,,Overview: Hosea,38619-overview-hosea,,
,,,,Overview: Joel,38620-overview-joel,,
,,,,Overview: Amos,38621-overview-amos,,
,,,,Overview: Obadiah,38622-overview-obadiah,,
,,,,Overview: Jonah,38623-overview-jonah,,
,,,,Overview: Micah,38624-overview-micah,,
,,,,Overview: Nahum,38625-overview-nahum,,
,,,,Overview: Habakkuk,38626-overview-habakkuk,,
,,,,Overview: Zephaniah,38627-overview-zephaniah,,
,,,,Overview: Haggai,38628-overview-haggai,,
,,,,Overview: Zechariah,38629-overview-zechariah,,
,,,,Overview: Malachi,38630-overview-malachi,,
,,,,Overview: Psalms,38631-overview-psalms,,
,,,,Overview: Proverbs,38632-overview-proverbs,,
,,,,Overview: Job,38633-overview-job,,
,,,,Overview: Song of Songs,38634-overview-song-of-songs,,
,,,,Overview: Ruth,38635-overview-ruth,,
,,,,Overview: Lamentations,38636-overview-lamentations,,
,,,,Overview: Ecclesiastes,38637-overview-ecclesiastes,,
,,,,Overview: Esther,38638-overview-esther,,
,,,,Overview: Daniel,38639-overview-daniel,,
,,,,Overview: Ezra-Nehemiah,38640-overview-ezra-nehemiah,,
,,,,Overview: Chronicles,38641-overview-chronicles,,
,,,06.4.2 New Testament,,,,
,,,,Overview: New Testament ,38701-overview-new-testament,,
,,,,Overview: Matthew Ch. 1-13,38702-overview-matthew-ch-1-13,,
,,,,Overview Matthew Ch. 14-28,38703-overview-matthew-ch-14-28,,
,,,,Overview Mark,38704-overview-mark,,
,,,,Overview: John Ch. 1-12,38705-overview-john-ch-1-12,,
,,,,Overview: John Ch. 13-21,38706-overview-john-ch-13-21,,
,,,,Overview: Luke Ch. 1-9,38707-overview-luke-ch-1-9,,
,,,,Overview: Luke  Ch. 10-24,38708-overview-luke-ch-10-24,,
,,,,Overview: Acts Ch. 1-12,38709-overview-acts-ch-1-12,,
,,,,Overview: Acts Ch. 13-28,38710-overview-acts-ch-13-28,,
,,,,Overview: Romans Ch. 1-4,38711-overview-romans-ch-1-4,,
,,,,Overview: Romans Ch. 5-16,38712-overview-romans-ch-5-16,,
,,,,Overview: 1 Corinthians,38713-overview-1-corinthians,,
,,,,Overview :2 Corinthians,38714-overview-2-corinthians,,
,,,,Overview: Galatians,38715-overview-galatians,,
,,,,Overview: Ephesians,38716-overview-ephesians,,
,,,,Overview: Philippians,38717-overview-philippians,,
,,,,Overview: Colossians,38718-overview-colossians,,
,,,,Overview: 1 Thessalonians,38719-overview-1-thessalonians,,
,,,,Overview: 2 Thessalonians,38720-overview-2-thessalonians,,
,,,,Overview: 1 Timothy,38721-overview-1-timothy,,
,,,,Overview: 2 Timothy,38722-overview-2-timothy,,
,,,,Overview: Titus,38723-overview-titus,,
,,,,Overview: Philemon,38724-overview-philemon,,
,,,,Overview: Hebrews,38725-overview-hebrews,,
,,,,Overview: James,38726-overview-james,,
,,,,Overview: 1 Peter,38727-overview-1-peter,,
,,,,Overview: 2 Peter,38728-overview-2-peter,,
,,,,Overview: 1-3 John,38729-overview-1-3-john,,
,,,,Overview: Jude,38730-overview-jude,,
,,,,Overview: Revelation Ch. 1-11,38731-overview-revelation-ch-1-11,,
,,,,Overview: Revelation Ch. 12-22 ,38732-overview-revelation-ch-12-22,,
,,06.5 Bible Courses,,,,,
07,Disciple Making Movement (Joshua Nations),,,,,,
,,07.1 Unit 1. Personal Preparation,,,,,
,,,,1. Lesson 1: Intimacy with God,93621-1-lesson-1-intimacy-with-god,,
,,,,2. Lesson 2: Prayer and Fasting,93621-2-lesson-2-prayer-and-fasting,,
,,,,3. Lesson 3: Hearing God's Voice,93621-3-lesson-3-hearing-gods-voice,,
,,,,4. Lesson 4: Called and Committed,93621-4-lesson-4-called-and-committed,,
,,,,5. Lesson 5: Healthy Family,93621-5-lesson-5-healthy-family,,
,,,,6. Lesson 6: Understanding Disciple-Making Movement,93621-6-lesson-6-understanding-disciple-making-movement,,
,,,,7. Lesson 7: Developing Culturally Relevant Disciple Making Strategy,93621-7-lesson-7-developing-culturally-relevant-disciple-making-strategy,,
,,07.2 Unit 2. Understanding the Field,,,,,
,,,,"1 Lesson 1. Demography, Cultraure & Religious Beliiefs",93622-1-lesson-1-demography-cultraure-religious-beliiefs,,
,,,,2 Lesson 2. Spiritual Warfare,93622-2-lesson-2-spiritual-warfare,,
,,,,3 Lesson 3. Prayer Walking,93622-3-lesson-3-prayer-walking,,
,,,,4 Lesson 4. Orality Training,93622-4-lesson-4-orality-training,,
,,07.3 Unit 3. Implementing Disciple-Making Processes,,,,,
,,,,1 Lesson 1. Relational Evangelism,93623-1-lesson-1-relational-evangelism,,
,,,,2 Lesson 2. Person of Peace,93623-2-lesson-2-person-of-peace,,
,,,,"3 Lesson 3. Call to Repentance, Belief, and Baptism",93623-3-lesson-3-call-to-repentance-belief-and-baptism,,
,,,,4 Lesson 4. The 3/3rds Group Format,93623-4-lesson-4-the-3-3rds-group-format,,
,,,,5 Lesson 5. Gathering as a Church,93623-5-lesson-5-gathering-as-a-church,,
,,,,6 Lesson 6. Freedom Ministry,93623-6-lesson-6-freedom-ministry,,
,,,,7 Lesson 7. Bible Study Methods,93623-7-lesson-7-bible-study-methods,,
,,,,8 Lesson 8. Prayer,93623-8-lesson-8-prayer,,
,,,,9 Lesson 9. Worship Life of the Disciple,93623-9-lesson-9-worship-life-of-the-disciple,,
,,07.4 Unit 4. Multiply Disciple-Making Movments,,,,,
,,,,1 Lesson 1. Call to Give and Serve,93624-1-lesson-1-call-to-give-and-serve,,
,,,,2 Lesson 2. Selecting Leaders,93624-2-lesson-2-selecting-leaders,,
,,,,3 Lesson 3. Modeling to Multiply Leaders,93624-3-lesson-3-modeling-to-multiply-leaders,,
,,,,4 Lesson 4. Coaching Leaders: Nurturing Skill and Ability in Others,93624-4-lesson-4-coaching-leaders-nurturing-skill-and-ability-in-others,,
,,,,5 Lesson 5. Four Fields and Multiplication,93624-5-lesson-5-four-fields-and-multiplication,,
,,,,6 Lesson 6. Evangelism Who? List of 100,93624-6-lesson-6-evangelism-who-list-of-100,,
,,,,7 Lesson 7. How? God's Story,93624-7-lesson-7-how-gods-story,,
,,,,8 Lesson 8. How? Your Story,93624-8-lesson-8-how-your-story,,
,,,,9 Lesson 9. Commissioning,93624-9-lesson-9-commissioning,,
08,Biblical Counseling Insights,,,,,,
09,Rapid Church Planting (Joshua Nations),,,,,,
,,,,1. Why Plant a Church,93610-01-why-plant-a-church,,
,,,,2. Definition and Purpose of a Church,93610-02-definition-and-purpose-of-a-church,,
,,,,3. Motivation for Planting a Church,93610-03-motivation-for-planting-a-church,,
,,,,"4. Values, Vision, and Style for Your Church",93610-04-values-vision-and-style-for-your-church,,
,,,,5. Planning and Strategy,93610-05-planning-and-strategy,,
,,,,6. The Church Planting Team,93610-06-the-church-planting-team,,
,,,,7. Spiritual Warfare and Outreach,93610-07-spiritual-warfare-and-outreach,,
,,,,8. Meet on a Regular Basis for worship prayer and study,93610-08-meet-on-a-regular-basis-for-worship-prayer-and-study,,
,,,,9. Connect New Believers to a Process of Discipleship,93610-09-connect-new-believers-to-a-process-of-discipleship,,
,,,,10. Repeat the Process as Often as Possible,93610-10-repeat-the-process-as-often-as-possible,,
,,,,11. Ten Key Elements of Church Planting Movements,93610-11-ten-key-elements-of-church-planting-movements,,
,,,,12. The Church Represented in the Marketplace,93610-12-the-church-represented-in-the-marketplace,,
