TOPIC,,,,,,,URL,,,
LEVEL 1,,LEVEL 2,,LEVEL 3,,,https://app.jesusonline.com/post/,,,
01,The Adventure of Living with Jesus (Basic Discipleship),,,,,,,,,
02,New Life in Christ (Intermediate Discipleship),,,,,,,,,
03,Laying a Solid Foundation,,,,,,,,,
04,Building Blocks for Maturity,,,,,,,,,
,,04.1,Seeing Your Life from God's Perspective,,,,,,,
,,,,,,Seeing the Truth,,,,
,,,,,,Perspective and Perception,,,,
,,,,,,The Truth Cycle,,,,
,,,,,,Your Relationships from God's Perspective,,,,
,,,,,,Your Situation from God's Perpsective,,,,
,,04.2,Growing Closer to God,,,,,,,
,,,,04.2.1,Your Relationship with God,,,,,
,,,,,,"Our Triune God: Father, Son, and Holy Spirit",32211-our-triune-god-father-son-and-holy-spirit,,,
,,,,,,God Loves You Forever,32212-god-loves-you-forever,,,
,,,,,,Experiencing God’s Love,32213-experiencing-gods-love,,,
,,,,,,A Trust Relationship,32214-a-trust-relationship,,,
,,,,,,A Heart for God,32215-a-heart-for-god,,,
,,,,04.2.2,Barriers to Knowing God Intimately,,,,,
,,,,,,Unconfessed Sin and an Unrepentant Heart,32261-unconfessed-sin-and-an-unrepentant-heart,,,
,,,,,,nsufficient Vision,32262-insufficient-vision,,,
,,,,,,Lack of Belief,32263-lack-of-belief,,,
,,,,,,Preoccupied with Distractions,32264-preoccupied-with-distractions,,,
,,,,,,Spiritual Warfare,32265-spiritual-warfare,,,
,,,,,,Involvement in Idolatry,32266-involvement-in-idolatry,,,
,,,,04.2.3,Habits for Greater Intimacy with God,,,,,
,,,,,,Cultive 7 Habits,32270-duty-discipline-delight,,,
,,,,,,Habit 1. Desire God,32271-habit-1-desire-god,,,
,,,,,,Habit 2. Pursue God,32272-habit-2-pursue-god,,,
,,,,,,Habit 3. Know God,32273-habit-3-know-god,,,
,,,,,,Habit 4. Love God,32274-habit-4-love-god,,,
,,,,,,Habit 5. Fear God,32275-habit-5-fear-god,,,
,,,,,,Habit 6. Trust God,32276-habit-6-trust-god,,,
,,,,,,Habit 7. Enjoy God,32277-habit-7-enjoy-god,,,
,,,,04.2.4,God’s Majestic Qualities,,,,,
,,,,,,God's Self-Portrait,32281-gods-self-portrait,,,
,,,,,,God is Sovereign: The Supreme Authority in All the Universe,32282-god-is-sovereign,,,
,,,,,,God is Holy: The Supreme Standard of Moral Righteousness,32283-god-is-holy,,,
,,,,,,God is Good: The Supreme Bestower of Blessings,32284-god-is-good,,,
,,,,,,God is Incomprehensible: The Supreme Being of Absolute Preeminence,32285-god-is-incomprehensible,,,
,,,,04.2.5,God’s Special Names for Special Purposes,,,,,
,,,,,,Jehovah,32291-jehovah,,,
,,,,,,El,32292-el,,,
,,,,,,Names of Jesus,32293-names-of-jesus,,,
,,04.3,Becoming the New You,,,,,,,
,,,,,,Embracing Your New Identity in Christ,,,,
,,,,,,What the Bible Says About the New You,,,,
,,,,,,"Your New Identity, Overview",,,,
,,,,,,A CHILD of God,,,,
,,,,,,A SAINT with a new nature,,,,
,,,,,,A MEMBER of the Body of Christ,,,,
,,,,,,A CITIZEN of God’s Kingdom,,,,
,,04.4,Walking by the Spirit,,,,,,,
,,,,,,"Freedom, Peace, Joy, Victory",32410-freedom-peace-joy-victory,,,
,,,,,,The Exchanged Life,32420-the-exchanged-life,,,
,,,,,,The Exchanged Mindset,32430-the-exchanged-mindset,,,
,,,,04.4.4,Power for Supernatural Living,,,,,
,,,,,,Depend on God for His Power,32441-depend-on-god-for-his-power,,,
,,,,,,Three Power Principles,32442-three-power-principles,,,
,,,,,,Empowered by the Holy Spirit,32443-empowered-by-the-holy-spirit,,,
,,,,,,Empowerred by Your New Identity,32444-empowered-by-your-new-identity,,,
,,,,,,Empowered by His Presence,32445-empowered-by-his-presence,,,
,,,,,,Empowered by Supernatural Peace,32446-empowered-by-supernatural-peace,,,
,,,,04.4.5,"Walking with God, in Christ, by the Spirit",,,,,
,,,,,,"Father, Jesus, the Holy Spirit and You",32451-father-jesus-the-holy-spirit-and-you,,,
,,,,,,Submit to the Father,32452-submit-to-god-the-father,,,
,,,,,,Abide in Jesus Christ,32453-abide-in-jesus-christ,,,
,,,,,,Be Filled with the Holy Spirit,32454-be-filled-with-the-holy-spirit,,,
,,,,,,How to Be Filled with the Holy Spirit,32455-how-to-be-filled-with-the-holy-spirit,,,
,,,,,,Live in Harmony with God,32456-live-in-harmony-with-god,,,
,,,Receiving Insights from God,,,,,,,
,,,,,,Insights from God,,,,
,,,,,,God’s Word,,,,
,,,,,,Renewing Your Mind,,,,
,,,,,,Filling Your Mind with God's Truth,,,,
,,,,,,Applying God's Insights,,,,
,,,,,,Reading God's Word,,,,
,,,,,,Hearing God's Word,,,,
,,,,,,Studying God's Word,,,,
,,,,,,Memorizing God's Word,,,,
,,,,,,Meditating on God's Word,,,,
,,,,,,Christ's Incarnation,,,,
,,,,,,Divine Flashes of Insight,,,,
,,,,,,Spirit-Inspired People,,,,
,,,,,,Parallel Examples,,,,
,,,,,,Visions and Dreams,,,,
,,,Obeying God Faithfully,,,,,,,
,,,,,,Obeying God Faithfully,,,,
,,,,,,Obeying to Get a Blessing,,,,
,,,,,,Obeying to Fulfill Duty,,,,
,,,,,,Obeying to Avoid Punishment,,,,
,,,,,,Obeying to Demonstrate Love,,,,
,,,,,,It's Your Choice,,,,
,,,,,,Choose Wisely,,,,
,,,Living as God's Family,,,,,,,
,,,,,Conneting with God's Family,,32611-connecting-with-gods-family,,,
,,,,,Why Church?,,32612-why-church,,,
,,,,,Finding a Church,,32621-finding-a-church,,,
,,,,,Discernment in Finding a Church,,32622-discernment-in-finding-a-church,,,
,,,,,A Practical Guide for Finding a Church,,32623-a-practical-guide-for-finding-a-church,,,
,,,,,One Another,,,,,
,,,,,,Being the Church to One Another,32631-being-the-church-to-one-another,,,
,,,,,,"Encourage, Instruct, and Spur On One Another",32632-encourage-instruct-and-spur-on-one-another,,,
,,,,,,Love One Another,32633-love-one-another,,,
,,,,,,Live in Harmony and Be Humble Toward One Another,32634-live-in-harmony-and-be-humble-toward-one-another,,,
,,,,,,Be Joyful and Demonstrate Sacrificial Love,32635-be-joyful-and-demonstrate-sacrificial-love,,,
,,,,,,Forgive One Another,32636-forgive-one-another,,,
,,,Reaching the World,,,,,,,
,,,,,Advancing Christ's Kingdom,,32711-advancing-christs-kingdom,,,
,,,,,The Kingdom of God,,32712-the-kingdom-of-god,,,
,,,,,Proclaiming the Gospel,,32713-proclaiming-the-gospel,,,
,,,,,God’s Call,,,,,
,,,,,,My Place in the Story,32721-my-place-in-the-story,,,
,,,,,,God’s Call for Everyone,32722-gods-call-for-everyone,,,
,,,,,,God’s Call for Me: Vocation,32723-gods-call-for-me-vocation,,,
,,,,,,God’s Call for Me: Tasks and Responsibilities,32724-gods-call-for-me-tasks-and-responsibilities,,,
,,,,,,God’s Call to Reach Out,32725-gods-call-to-reach-out,,,
,,,,,,God’s Call to Love Others,32726-gods-call-to-love-others,,,
,,,,,,God’s Call to Pursure Justice,32727-gods-call-to-pursue-justice,,,
,,,Resisting the Enemy,,,,,,,
,,,,,Standing Firm in Christ,,32811-standing-firm-in-christ,,,
,,,,,Resisting False Identity,,32812-resisting-false-identity,,,
,,,,,Resisting Isolation,,32813-resisting-isolation,,,
,,,,,Resisting Satanic Condemation,,32814-resisting-satanic-condemnation,,,
,,,,,Resisting Temptation,,32815-resisting-temptation,,,
,,,,,Resisting with God’s Protection,,,,,
,,,,,,Living on a Spiritual Battlefield,32821-living-on-a-spiritual-battlefield,,,
,,,,,,The Hedge of Protection,32822-the-hedge-of-protection,,,
,,,,,,The Armor of God,32823-the-armor-of-god,,,
,,,,,,Warfare Prayer,32824-warfare-prayer,,,
,,,,,,Temptation is Satan’s Bait,32825-temptation-is-satans-bait,,,
,,,,,,Three Avenues of Temptations,32826-three-avenues-of-temptations,,,
,,,,,,Satan’s Schemes,32827-satans-schemes,,,
,,,Pursuing God's Master Plan,,,,,,,
,,,,,,God's Plan for You,32901-gods-plan-for-you,,,
,,,,,,Understanding God’s Eternal Plan,32905-understanding-gods-eternal-plan,,,
,,,,,,The Story,32910-the-story,,,
,,,,,,Discerning God's Plan for You,32921-discerning-gods-plan-for-you,,,
,,,,,,God's D.E.S.I.G.N. for You,32922-gods-d-e-s-i-g-n-for-you,,,
,,,,,,Your S.P.E.C.I.A.L. Design,32923-your-special-design,,,
05,Attributes of God,,,,,,,,,
,,,,,,The Supreme Pursuit of the Heart,32281-the-supreme-pursuit-of-the-heart,,,
,,,,,,Attributes of Self-Existence,32282-attributes-of-self-existence,,,
,,,,,,Attributes of Sovereignty,32283-attributes-of-sovereignty,,,
,,,,,,Attributes of Holiness,32284-attributes-of-holiness,,,
,,,,,,Attributes of Love,32285-attributes-of-love,,,
,,,,,,Live in the Light of His Majesty,32286-live-in-the-light-of-his-majesty,,,
06,Identity in Christ,,,,,,,,,
07,Ministry of the Holy Spirit,,,,,,,,,
08,Prayer,,,,,,,,,
,,,,,,What is Prayer?,23101-what-is-prayer,,,
,,,,,,Why Pray?,23102-why-pray,,,
,,,,,,Prayer and Fasting,23103-prayer-and-fasting,,,
,,,,,,A.C.T.S. of Prayer,23501-a-c-t-s-of-prayer,,,
,,,,,,Praying God’s Names,23511-praying-gods-names,,,
,,,,,,Prayers in the Bible,23521-prayers-in-the-bible,,,
,,,,,,Five Prayers of Repentance,23531-five-prayers-of-repentance,,,
,,,,,,Pray Without Ceasing,23541-pray-without-ceasing,,,
,,,,,,My Prayer List,23590-my-prayer-list,,,
09,The Lord's Prayer Guide,,,,,,,,,
10,Church Life,,,,,,,,,
,,,,,,,,,,
,,,,,,,,,,
,,,,,,,,,,
,,,,,,,,,,
,,,,,,,,,,
,,,,,,,,,,
,,,,,,,,,,
,,,,,,,,,,
,,,,,,,,,,
,,,,,,,,,,
,,,,,,,,,,
,,,,,,,,,,
,,,,,,,,,,
,,,,,,,,,,
,,,,,,,,,,
,,,,,,,,,,
,,,,,,,,,,
,,,,,,,,,,
,,,,,,,,,,
11,Experiencing God 24/7,,,,,,,,,
12,Seven Habits,,,,,,,,,
13,Forever Loved,,,,,,,,,
14,Hope in Times of Crisis,,,,,,,,,
15,Bible Promises for Hope,,,,,,,,,
,,,,,,Hope in God's Promises,23251-hope-in-gods-promises,,,
,,,,,,Promises Overview,23252-promises-overview,,,
,,,,,,Promises for Your Situation,23253-promises-for-your-situation,,,
,,,,,,Promises for Your Feelings,23254-promises-for-your-feelings,,,
,,,,,,Promises for Your Relationships,23255-promises-for-your-relationships,,,
,,,,,,Promises for Your Identity,23256-promises-for-your-identity,,,
,,,,,,Promises for Your Future,23257-promises-for-your-future,,,
,,,,,,Promises About God's Authority,23258-promises-about-gods-authority,,,
16,Attitudes and Behavior,,,,,,,,,
17,Successful Marriage,,,,,,,,,
,,17.1,Keys to Happy Family Living,,,,,,,
,,17.2,Marriage God's Way,,,,,,,
,,,,,,Building Harmony in Marriage,34502-building-harmony-in-marriage,Move from Godly Relationships,,
,,,,,,Are You and Your Spouse Not Getting Along?,34504-are-you-and-your-spouse-not-getting-along,Move from Godly Relationships,,
,,,,,,A Solid Foundation,34506-a-solid-foundation,Move from Godly Relationships,,
,,,,,,Spirit-Filled Marriage,34508-spirit-filled-marriage,Move from Godly Relationships,,
,,,,,,Who Is the Leader?,34510-who-is-the-leader,Move from Godly Relationships,,
,,,,,,Marriage God's Way,34512-marriage-gods-way,Move from Godly Relationships,,
,,,,,,Good Communication,34514-good-communication,Move from Godly Relationships,,
,,,,,,Marriage Partnership,34516-marriage-partnership,Move from Godly Relationships,,
,,,,,,An Inner Life for a Healthy Marriage,34518-an-inner-life-for-a-healthy-marriage,Move from Godly Relationships,,
,,,,,,Marriage Boundarids,34520-marriage-boundaries,Move from Godly Relationships,,
,,,,,,Like-Minded Marriage,34522-like-minded-marriage,Move from Godly Relationships,,
,,,,,,Escaping Difficult Situations,34524-escaping-difficult-situations,Move from Godly Relationships,,
,,,,,,Competing Spouses,34530-competing-spouses,Move from Godly Relationships,,
,,,,,,The Need for Forgiveness,34532-the-need-for-forgiveness,Move from Godly Relationships,,
,,,,,,It's the Little Things,34534-its-the-little-things,Move from Godly Relationships,,
,,,,,,The Need for Respect,34536-the-need-for-respect,Move from Godly Relationships,,
,,,,,,The Need for Repentance,34538-the-need-for-repentance,Move from Godly Relationships,,
,,,,,,When Independence Is  Bad,34540-when-independence-is-bad,Move from Godly Relationships,,
,,,,,,Great Expectations,34542-great-expectations,Move from Godly Relationships,,
18,Godly Relationships,,,,,,,,,
19,Inner Peace,,,,,,,,,
,,,,,,Life's Many Stresses,65701-1-lifes-many-stresses,,,
,,,,,,Self-Discovery,65702-2-self-discovery,,,
,,,,,,After Discovery…What?,65703-3-after-discoverywhat,,,
,,,,,,The Impact of Our Emotions,65704-4-the-impact-of-our-emotions,,,
,,,,,,Embracing the Truth,65705-5-embracing-the-truth,,,
,,,,,,Behaviors That Stand in the Way of Your Peace,65706-6-behaviors-that-stand-in-the-way-of-your-peace,,,
,,,,,,Mind and Body,65707-7-mind-and-body,,,
,,,,,,There IS Hope,65708-8-there-is-hope,,,
,,,,,,The Responsibility Is Yours,65709-9-the-responsibility-is-yours,,,
,,,,,,Help for a Hard Journey,65710-10-help-for-a-hard-journey,,,
20,Bible Studies,,,,,,,,,
,,20.01,Abiding in Christ,,,,,,,
,,20.02,Seeing God's Sovereignty,,,,,,,
,,20.03,Forever Loved,,,,,,,
,,,,20.03.01,The Father's Love,,,,,
,,,,,,Introduction,25211-introduction,,,
,,,,,,Parable of the Lost Son,25212-parable-of-the-lost-son,,,
,,,,,,Lesson 1 Loving the Rebellious,25213-loving-the-rebellious,,,
,,,,,,Lesson 2 Loving the Self-Righteous,25214-loving-the-self-righteous,,,
,,,,,,Lesson 3 Loving with Perfection,25215-loving-with-perfection,,,
,,,,,,Suggestions for Sutdy,25216-suggestions-for-study,,,
,,,,,,,,,,
,,,,,,,,,,
,,,,20.03.02,Jesus' Life of Love,,,,,
,,,,,, Introduction,25221-introduction,,,
,,,,,,Lesson 1 Jesus: God's Beloved Son,25222-lesson-1-jesus-god's-beloved-son,,,
,,,,,,Lesson 2 Jesus Tells the Story of the Lost Sheep,25223-lesson-2-jesus-tells-the-story-of-the-lost-sheep,,,
,,,,,,Lesson 3 Jesus Tells the Story of the Lost Son,25224-lesson-3-jesus-tells-the-story-of-the-lost-son,,,
,,,,,,Lesson 4 Jesus Heals a Lame Man,25225-lesson-4-jesus-heals-a-lame-man,,,
,,,,,,Lesson 5 Jesus Rescues a Woman Caught in Adultery,25226-lesson-5-jesus-rescues-a-woman-caught-in-adultery,,,
,,,,,,Lesson 6 Jesus Shares the Secret of Life with a Pharisee,25227-lesson-6-jesus-shares-the-secret-of-life-with-a-pharisee,,,
,,,,,,Lesson 7 Jesus Commands a New Way of Love,25228-lesson-7-jesus-commands-a-new-way-of-love,,,
,,,,,,Lesson 8 Jesus Is the Vine,25229-lesson-8-jesus-Is-the-vine,,,
,,,,,,Lesson 9 Jesus Prays for Us,25230-lesson-9-jesus-prays-for-us,,,
,,,,,,Lesson 10 Jesus Surrenders to His Father's Will,25231-lesson-10-jesus-surrenders-to-his-father's-will,,,
,,,,,,Suggestions for Study,25232-suggestions-for-study,,,
,,,,20.03.03,The Power of Love,,,,,
,,,,,,Introduction,25241-introduction,,,
,,,,,,Lesson 1 Nothing Without Love,25242-nothing-without-love,,,
,,,,,,Lesson 2 Faith and Love,25243-faith-and-love,,,
,,,,,,Lesson 3 Knowing and Experiencing God's Love,25244-knowing-and-experiencing-gods-love,,,
,,,,,,Lesson 4 Love Fulfills the Law,25245-love-fulfills-the-law,,,
,,,,,,Lesson 5 The Fullness of God's Love,25246-the-fullness-of-gods-love,,,
,,,,,,Lesson 6 Love Conquers All,25247-love-conquers-all,,,
,,,,,,Suggestions for Study,25248-suggestions-for-study,,,
,,20.04,From Cope to Cure,,,,,,,
,,,,,,The Myth of Complexity,65601-1-the-myth-of-complexity,,,
,,,,,,How Can I Find Peace and Satisfaction in This World?,65602-2-how-can-i-find-peace-and-satisfaction-in-this-world,,,
,,,,,,Most of Us Have Had a Poor Start in Life!,65603-3-most-of-us-have-had-a-poor-start-in-life,,,
,,,,,,"God's Sharpest Tools, My Biggest Problems",65604-4-gods-sharpest-tools-my-biggest-problems,,,
,,,,,,Sin Has Not Been Eliminated as of the Date of Publication of This Course,65605-5-sin-has-not-been-eliminated-as-of-the-date-of-publication-of-this-course,,,
,,,,,,Why Don't You Just Concentrate on the Positive?,65606-6-why-dont-you-just-concentrate-on-the-positive,,,
,,,,,,Look! Do You Want Me to Drive This Car or Do You Want to Do It?,65607-7-look-do-you-want-me-to-drive-this-car-or-do-you-want-to-do-it,,,
,,,,,,Why Is It Difficult to Walk by a Mirror Without Looking at Yourself?,65608-8-why-is-it-difficult-to-walk-by-a-mirror-without-looking-at-yourself,,,
,,,,,,At What Age Is It Acceptable to Sulk When You Can't Have What You Want?,65609-9-at-what-age-is-it-acceptable-to-sulk-when-you-cant-have-what-you-want,,,
,,,,,,Boom! The Wing of the Plane Smacked Me in the Head,65610-10-boom-the-wing-of-the-plane-smacked-me-in-the-head,,,
,,,,,,I Need to Forgive Those Soldiers,65611-11-i-need-to-forgive-those-soldiers,,,
,,,,,,I Hate Pain!,65612-12-i-hate-pain,,,
,,,,,,You Wife Has Inoperable Cancer,65613-13-your-wife-has-inoperable-cancer,,,
,,,,,,Living and Dying,65614-14-living-and-dying,,,
,,,,,,I Prayed But I Still Didn't Feel Right,65615-15-i-prayed-but-i-still-didnt-feel-right,,,
,,,,,,"Anyonoe Who Talks About ""Rejoicing Always"" Just Doesn't Understand the Real Situation",65616-16-anyone-who-talks-about-rejoicing-always-just-doesnt-understand-the-real-situation,,,
,,,,,,Anger Is One Letter Away from Danger,65617-17-anger-is-one-letter-away-from-danger,,,
,,,,,,"If You Don't Want To, You Aren't Going To",65618-18-if-you-dont-want-to-you-arent-going-to,,,
,,,,,,The Foundation,65619-19-the-foundation,,,
21,Devotionals,,,,,,,,,
,,21.01,Discover Jesus in the Gospels,,,,,,,
,,21.02,Timeless Wisdom from Proverbs,,,,,,,
,,,,,,Overview of Timeless Wisdom from Proverbs,22210-overview-of-timeless-wisdom-from-proverbs,,,
,,,,,,Life Happens,22210-001-life-happens,,,
,,,,,,Success,22210-002-success,,,
,,,,,,Money,22210-003-money,,,
,,,,,,Living Day by Day,22210-004-living-day-by-day,,,
,,,,,,Anger,22210-005-anger,,,
,,,,,,Humility/Pride,22210-006-humility-pride,,,
,,,,,,Sex,22210-007-sex,,,
,,,,,,Words and Speech,22210-008-words-and-speech,,,
,,,,,,Love,22210-009-love,,,
,,,,,,Marriage,22210-010-marriage,,,
,,,,,,Parent-Child Relationships,22210-011-parent-child-relationships,,,
,,,,,,Friendships/Neighbors,22210-012-friendships-neighbors,,,
,,,,,,Business,22210-013-business,,,
,,,,,,Education,22210-014-education,,,
,,,,,,On Becoming Wise,22210-015-on-becoming-wise,,,
,,,,,,Avoiding Foolishness,22210-016-avoiding-foolishness,,,
,,,,,,Avoiding Laziness,22210-017-avoiding-laziness,,,
,,,,,,Avoiding Addictions,22210-018-avoiding-addictions,,,
,,,,,,Listening and Doing,22210-019-listening-and-doing,,,
,,,,,,Integrity,22210-020-integrity,,,
,,,,,,Life Happens,22210-021-life,,,
,,,,,,Death,22210-022-death,,,
,,,,,,Insight,22210-023-insight,,,
,,,,,,Forgiveness,22210-024-forgiveness,,,
,,,,,,The Heart,22210-025-the-heart,,,
,,,,,,God,22210-026-god,,,
,,,,,,The Good Man,22210-027-the-good-man,,,
,,,,,,The Good Woman,22210-028-the-good-woman,,,
,,,,,,The Good Leader,22210-029-the-good-leader,,,
,,,,,,Freedom,22210-030-freedom,,,
,,21.03,Wisdom for the Trenches,,,,,,,
,,,,,,Introduction,22220-000-introduction,,,
,,,,,,How to Recognize a Fool,22220-001-how-to-recognize-a-fool,,,
,,,,,,"Adultery: One ""A"" You Don't Want to Earn",22220-002-adultery-one-a-you-dont-want-to-earn,,,
,,,,,,Anger: The Nuclear Emotion…with Huge Fallout,22220-003-anger-the-nuclear-emotion-with-huge-fallout,,,
,,,,,,Lying: The Self-Made Trap,22220-004-lying-the-self-made-trap,,,
,,,,,,Gossip: The Hidden Dagger,22220-005-gossip-the-hidden-dagger,,,
,,,,,,Reproof: A Building Block for Character,22220-006-reproof-a-building-block-for-character,,,
,,,,,,Insults and Curses: Unsolicited Instruction,22220-007-insults-and-curses-unsolicited-instruction,,,
,,,,,,Listening: God's Channel for Perssonal Growth,22220-008-listening-gods-channel-for-personal-growth,,,
,,,,,,"Scoffers and Mockers, Beware!",22220-009-scoffers-and-mockers-beware,,,
,,,,,,The Fast Lane to Ugliness,22220-010-the-fast-lane-to-ugliness,,,
,,,,,,How to Change People's Mind,22220-011-how-to-change-peoples-minds,,,
,,,,,,Using God-given Authority,22220-012-using-god-given-authority,,,
,,,,,,The Rise and Fall of the Proud,22220-013-the-rise-and-fall-of-the-proud,,,
,,,,,,A Cure for Spiritual Heart Disease,22220-014-a-cure-for-spiritual-heart-disease,,,
,,,,,,One Dangerous Babe (or Dude) to Avoid,22220-015-one-dangerous-babe-or-dude-to-avoid,,,
,,,,,,Impulse Control and the Key to Character,22220-016-impulse-control-and-the-key-to-character,,,
,,,,,,Danger: Eyes That Do Not See,22220-017-danger-eyes-that-do-not-see,,,
,,,,,,For Adult[erer]s Only,22220-018-for-adulterers-only,,,
,,,,,,"Rebuke: 10, Flattery: 0",22220-019-rebuke-10-flattery-0,,,
,,,,,,You Can Tell a Perons by His Cover,22220-020-you-can-tell-a-person-by-his-cover,,,
,,,,,,Your Money and Your Slave Master,22220-021-your-money-and-your-slave-master,,,
,,,,,,"Somebody, Anybody, Applaud Me!",22220-022-somebody-anybody-applaud-me,,,
,,,,,,Laughter Is Not the Best Medicine,22220-023-laughter-is-not-the-best-medicine,,,
,,,,,,Other Names for Treachery,22220-024-other-names-for-treachery,,,
,,,,,,Nuclear Sticks and Stones,22220-025-nuclear-sticks-and-stones,,,
,,,,,,Plan the Work and Work the Plan,22220-026-plan-the-work-and-work-the-plan,,,
,,,,,,"For You, I have a Special Deal!",22220-027-for-you-i-have-a-special-deal,,,
,,,,,,Plans from the Ultimate Planner,22220-028-plans-from-the-ultimate-planner,,,
,,,,,,Friends in Low Places,22220-029-friends-in-low-places,,,
,,,,,,"The ""Dumb Dog"" Syndrome",22220-030-the-dumb-dog-syndrome,,,
,,,,,,A Place Called Hope,22220-031-a-place-called-hope,,,
,,,,,,The Awful Consequences of Unteachability,22220-032-the-awful-consequences-of-unteachability,,,
,,,,,,The High Cost of Gloating,22220-033-the-high-cost-of-gloating,,,
,,,,,,The Futility of Hiding,22220-034-the-futility-of-hiding,,,
,,,,,,The Fool and His Money,22220-035-the-fool-and-his-money,,,
,,,,,,Long Live the Righteous!,22220-036-long-live-the-righteous,,,
,,,,,,The High Cost of Relying on the Unreliable,22220-037-the-high-cost-of-relying-on-the-unreliable,,,
,,,,,,Strange Jewelry,22220-038-strange-jewelry,,,
,,,,,,The Tenderizing Effect of Godliness,22220-039-the-tenderizing-effect-of-godliness,,,
,,,,,,The Cunning Human Mind,22220-040-the-cunning-human-mind,,,
,,,,,,"The ""Slut"" Factor",22220-041-the-slut-factor,,,
,,,,,,"The Folly of ""Heart-Following""",22220-042-the-folly-of-heart-following,,,
,,,,,,God Knows What Happens in Vegas,22220-043-god-knows-what-happens-in-vegas,,,
,,,,,,Milestones on the Road to the Poorhouse,22220-044-milestones-on-the-road-to-the-poorhouse,,,
,,,,,,Curing the Poverty Curse,22220-045-curing-the-poverty-curse,,,
,,,,,,"God's ""Silent Treatment""",22220-046-gods-silent-treatment,,,
,,,,,,Watch Out! Your Body Is Talking,22220-047-watch-out-your-body-is-talking,,,
,,,,,,"God's ""Get Rich Slowly"" Scheme",22220-048-gods-get-rich-slowly-scheme,,,
,,,,,,The Wrong Cheering Section,22220-049-the-wrong-cheering-section,,,
,,,,,,The Check's Not in the Mail,22220-050-the-checks-not-in-the-mail,,,
,,,,,,Seismic Moral Situations,22220-051-seismic-moral-situations,,,
,,,,,,"Seven Things on God's ""Hate List""",22220-052-seven-things-on-gods-hate-list,,,
,,,,,,"""Home Sweet Home"" … or Not",22220-053-home-sweet-home-or-not,,,
,,,,,,"""Stop Yelling at Me!""",22220-054-stop-yelling-at-me,,,
,,,,,,Will Lady Luck Help Out?,22220-055-will-lady-luck-help-out,,,
,,,,,,Humble Pie … with a Really Tough Crust,22220-056-humble-pie-with-a-really-tough-crust,,,
,,,,,,Shut Up!,22220-057-shut-up,,,
,,,,,,The Divine Right of the King,22220-058-the-divine-right-of-the-king,,,
,,,,,,"The ""Hundred-Lash"" Rule",22220-059-the-hundred-lash-rule,,,
,,,,,,Building a Legacy,22220-060-building-a-legacy,,,
,,,,,,Wisdom for the Treanches Principles,22220-061-wisdom-for-the-trenches-principles,,,
,,,,,,Dr. Larry W. Poland,22220-062-dr-larry-w-poland,,,
,,21.04,40 Days of God's Love,,,,,,,
,,,,,,Welcome to the Journey,22300-000-welcome-to-the-journey,,,
,,,,,,Everlasting Lovingkindness,22300-001-everlasting-lovingkindness,,,
,,,,,,You Are Precious to God,22300-002-you-are-precious-to-god,,,
,,,,,,God Is Love,22300-003-god-is-love,,,
,,,,,,Created in God's Image,22300-004-created-in-gods-image,,,
,,,,,,Adam in the First Garden,22300-005-adam-in-the-first-garden,,,
,,,,,,God Loved the Word…and Gave His Son,22300-006-god-loved-the-world-and-gave-his-son,,,
,,,,,,God Really Is Love,22300-007-god-really-is-love,,,
,,,,,,Love in our Language,22300-008-love-in-our-language,,,
,,,,,,The Compassion of Christ,22300-009-the-compassion-of-christ,,,
,,,,,,Desired with Lovingkindness,22300-010-desired-with-lovingkindness,,,
,,,,,,Change Your Mind,22300-011-change-your-mind,,,
,,,,,,The Father's Embrace,22300-012-the-fathers-embrace,,,
,,,,,,God Loves Us as Sinners,22300-013-god-loves-us-as-sinners,,,
,,,,,,Eternal Life in Eternal Love,22300-014-eternal-life-in-eternal-love,,,
,,,,,,Commanded to Love…But How?,22300-015-commanded-to-love-but-how,,,
,,,,,,Nothing Without Love,22300-016-nothing-without-love,,,
,,,,,,Jesus' New Command,22300-017-jesus-new-command,,,
,,,,,,Born to Be Loved,22300-018-born-to-be-loved,,,
,,,,,,"God, Know My Heart",22300-019-god-know-my-heart,,,
,,,,,,"Your Spirit, Soul, and Body",22300-020-your-spirit-soul-and-body,,,
,,,,,,Jesus in the Last Garden,22300-021-jesus-in-the-last-garden,,,
,,,,,,Law and Love,22300-022-law-and-love,,,
,,,,,,Faith and Love,22300-023-faith-and-love,,,
,,,,,,"John's Identity: ""The Disciple Whome Jesus Loved""",22300-024-johns-identity-the-disciple-whom-jesus-loved,,,
,,,,,,"In Christ, Nothing Can Separate You from God's Love",22300-025-in-christ-nothing-can-separate-you-from-gods-love,,,
,,,,,,Transformed,22300-026-transformed,,,
,,,,,,"Jesus' Identity: ""My Beloved Son""",22300-027-jesus-identity-my-beloved-son,,,
,,,,,,Abide in My Love,22300-028-abide-in-my-love,,,
,,,,,,Together...Because of His Great Love,22300-029-together-because-of-his-great-love,,,
,,,,,,How Do We Love God?,22300-030-how-do-we-love-god,,,
,,,,,,"Christ in You, the Hope of Glory",22300-031-christ-in-you-the-hope-of-glory,,,
,,,,,,"""Be Perfect""? How?",22300-032-be-perfect-how,,,
,,,,,,Paul's Prayer: To Know the Love of Christ,22300-033-pauls-prayer-to-know-the-love-of-christ,,,
,,,,,,Suffering…Chater…Hope…Love Poured Out,22300-034-sufferings-character-hope-love-poured-out,,,
,,,,,,Living Life in Christ,22300-035-living-life-in-christ,,,
,,,,,,Marked by Love,22300-036-marked-by-love,,,
,,,,,,Love Perfected Among Us…in This World,22300-037-love-perfected-among-us-in-this-world,,,
,,,,,,One in Glory; One in Love,22300-038-one-in-glory-one-in-love,,,
,,,,,,Come to Me,22300-039-come-to-me,,,
,,,,,,Arise! Shine!,22300-040-arise-shine,,,
,,21.05,Hearing the Voice of God,,,,,,,
,,,,,,Hearing What God Has to Say to You,22400-0-hearing-what-god-has-to-say-to-you,,,
,,,,,,The Gifts of Light and Life,22400-1-the-gifts-of-light-and-life,,,
,,,,,,Full of Grace and Truth,22400-2-full-of-grace-and-truth,,,
,,,,,,Who Are You?,22400-3-who-are-you,,,
,,,,,,The Spirit Remains,22400-4-the-spirit-remains,,,
,,,,,,What Are You Seeking?,22400-5-what-are-you-seeking,,,
,,,,,,Follow Me,22400-6-follow-me,,,
,,,,,,The Best Till Last,22400-7-the-best-till-last,,,
,,,,,,Live on Purpose,22400-8-live-on-purpose,,,
,,,,,,People Make Lousy Gods,22400-9-people-make-lousy-gods,,,
,,,,,,You Must Be Born Again,22401-0-you-must-be-born-again,,,
,,,,,,God's Great Love,22401-1-gods-great-love,,,
,,,,,,The Importance of Humility,22401-2-the-importance-of-humility,,,
,,,,,,Eternal Water,22401-3-eternal-water,,,
,,,,,,True Worshipers,22401-4-true-worshipers,,,
,,,,,, Lift Up Your Eyes,22401-5-lift-up-your-eyes,,,
,,,,,, God's Love for Everyone,22401-6-gods-love-for-everyone,,,
,,,,,, Miracles Still Happen,22401-7-miracles-still-happen,,,
,,,,,, Have Faith in God,22401-8-have-faith-in-god,,,
,,,,,, Do you Want to Be Healed?,22401-9-do-you-want-to-be-healed,,,
,,,,,, The Proof of Faith,22402-0-the-proof-of-faith,,,
,,,,,, Audacious Claims,22402-1-audacious-claims,,,
,,,,,, Honor Jesus,22402-2-honor-jesus,,,
,,,,,, Total Dependence,22402-3-total-dependence,,,
,,,,,, Moses Writes About Jesus,22402-4-moses-writes-about-jesus,,,
,,,,,, The Test of Faith,22402-5-the-test-of-faith,,,
,,,,,, Who Is Jesus?,22402-6-who-is-jesus,,,
,,,,,, Don't be Afraid,22402-7-dont-be-afraid,,,
,,,,,, Seek Jesus,22402-8-seek-jesus,,,
,,,,,, The Work of Faith,22402-9-the-work-of-faith,,,
,,,,,, Jesus Is the Bread of Life,22403-0-jesus-is-the-bread-of-life,,,
,,,,,, Stop Grumbling,22403-1-stop-grumbling,,,
,,,,,, Ingesting Eternal Life,22403-2-ingesting-eternal-life,,,
,,,,,, The Words of Eternal Life,22403-3-the-words-of-eternal-life,,,
,,,,,, Being A Servant,22403-4-being-a-servant,,,
,,,,,, Choose to Obey God's Will,22403-5-choose-to-obey-gods-will,,,
,,,,,, Jesus Knows the Father,22403-6-jesus-knows-the-father,,,
,,,,,, Your Eternal Home,22403-7-your-eternal-home,,,
,,,,,, Living Water,22403-8-living-water,,,
,,,,,, No One Has Ever Taught Like Jesus,22403-9-no-one-has-ever-taught-like-jesus,,,
,,,,,, Realize Your Sinfulness,22404-0-realize-your-sinfulness,,,
,,,,,, Jesus Is Your Light,22404-1-jesus-is-your-light,,,
,,,,,, Desire God's Will,22404-2-desire-gods-will,,,
,,,,,, You Are Free!,22404-3-you-are-free,,,
,,,,,, Seek Truth,22404-4-seek-truth,,,
,,,,,, Jesus Is Your Provision Today,22404-5-jesus-is-your-provision-today,,,
,,,,,, There's Purpose in Pain,22404-6-there's-purpose-in-pain,,,
,,,,,, Simple Obedience,22404-7-simple-obedience,,,
,,,,,, Obedience Flows from His Love,22404-8-obedience-flows-from-his-love,,,
,,,,,, All Things Are Possible with God,22404-9-all-things-are-possible-with-god,,,
,,,,,, Remain Connected to Jesus,22405-0-remain-connected-to-jesus,,,
,,,,,, Let Jesus Find You,22405-1-let-jesus-find-you,,,
,,,,,, Jesus Is Your Sheperd,22405-2-jesus-is-your-sheperd,,,
,,,,,, Jesus Died for You,22405-3-jesus-died-for-you,,,
,,,,,, The Charge to God,22405-4-the-charge-to-god,,,
,,,,,, You Can Hear Jesus' Voice,22405-5-you-can-hear-jesus-voice,,,
,,,,,, Take the First Step,22405-6-take-the-first-step,,,
,,,,,, Let Jesus Guide You,22405-7-let-jesus-guide-you,,,
,,,,,, Give God All the Glory,22405-8-give-god-all-the-glory,,,
,,,,,, Walk in Jesus' Light,22405-9-walk-in-jesus-light,,,
,,,,,, You Will Never Die,22406-0-you-will-never-die,,,
,,,,,, Tell Jesus Your Feelings,22406-1-tell-jesus-your-feelings,,,
,,,,,, Your Eternal Destiny Is Secure,22406-2-your-eternal-destiny-is-secure,,,
,,,,,, Go to Jesus with All Your Hurts,22406-3-go-to-jesus-with-all-your-hurts,,,
,,,,,, Grieve with Hope,22406-4-grieve-with-hope,,,
,,,,,, Creating Something from Nothing,22406-5-creating-something-from-nothing,,,
,,,,,, Love the Church,22406-6-love-the-church,,,
,,,,,, Seek Jesus First,22406-7-seek-jesus-first,,,
,,,,,, Serve the Poor,22406-8-serve-the-poor,,,
,,,,,, You Are What You Think,22406-9-you-are-what-you-think,,,
,,,,,, One Day You Will Understand,22407-0-one-day-you-will-understand,,,
,,,,,, The Purpose of Brokenness,22407-1-the-purpose-of-brokenness,,,
,,,,,, Jesus Draws You to Himself,22407-2-jesus-draws-you-to-himself,,,
,,,,,," Fear God, Not People",22407-3-fear-god-not-people,,,
,,,,,, You Are Forever Forgien,22407-4-you-are-forever-forgien,,,
,,,,,, Called to Serve,22407-5-called-to-serve,,,
,,,,,, Daily Grace,22407-6-daily-grace,,,
,,,,,, Forgiving Those Who Hurt You,22407-7-forgiving-those-who-hurt-you,,,
,,,,,, The Importance of Love and Humility,22407-8-the-importance-of-love-and-humility,,,
,,,,,, Love One Another,22407-9-love-one-another,,,
,,,,,, Starting Over,22408-0-starting-over,,,
,,,,,, Choose Faith,22408-1-choose-faith,,,
,,,,,, Greater Works,22408-2-greater-works,,,
,,,,,, Another Helper,22408-3-another-helper,,,
,,,,,, Your Heart: God's Home,22408-4-your-heart-gods-home,,,
,,,,,, Read God's Word with Confidence,22408-5-read-gods-word-with-confidence,,,
,,,,,, The Gift of Peace,22408-6-the-gift-of-peace,,,
,,,,,, Created to Bear Fruit for God,22408-7-created-to-bear-fruit-for-god,,,
,,,,,, Jesus Is Your Friend,22408-8-jesus-is-your-friend,,,
,,,,,, The Proof of Faithfulness,22408-9-the-proof-of-faithfulness,,,
,,,,,, A Faithful Witness,22409-0-a-faithful-witness,,,
,,,,,, The Work of the Holy Spirit,22409-1-the-work-of-the-holy-spirit,,,
,,,,,, The Spirit of Truth,22409-2-the-spirit-of-truth,,,
,,,,,, Your Sorrow Turned to Joy,22409-3-your-sorrow-turned-to-joy,,,
,,,,,, You Are An Overcomer,22409-4-you-are-an-overcomer,,,
,,,,,, The Glory of Jesus,22409-5-the-glory-of-jesus,,,
,,,,,, Jesus Is Praying for You,22409-6-jesus-is-praying-for-you,,,
,,,,,, Jesus Prays A Specific Prayer for You,22409-7-jesus-prays-a-specific-prayer-for-you,,,
,,,,,, A Purpose for God's Word,22409-8-a-purpose-for-gods-word,,,
,,,,,, Pursue Unity,22409-9-pursue-unity,,,
,,,,,, The Cup of God's Wrath,22410-0-the-cup-of-gods-wrath,,,
,,,,,, Be Strong and Courageous,22410-1-be-strong-and-courageous,,,
,,,,,, God's Plans Are Perfect,22410-2-gods-plans-are-perfect,,,
,,,,,, You Can Always Begin Again,22410-3-you-can-always-begin-again,,,
,,,,,, All Authority Comes from Jesus,22410-4-all-authority-comes-from-jesus,,,
,,,,,, No Greater Love,22410-5-no-greater-love,,,
,,,,,, Honor Your Parents,22410-6-honor-your-parents,,,
,,,,,, It Is Finished,22410-7-it-is-finished,,,
,,,,,, Jesus Was Dead,22410-8-jesus-was-dead,,,
,,,,,, The Body Is in the Tomb,22410-9-the-body-is-in-the-tomb,,,
,,,,,, Who Moved the Stone?,22411-0-who-moved-the-stone,,,
,,,,,, Jesus' Resurrection Power Lives in You,22411-1-jesus-resurrection-power-lives-in-you,,,
,,,,,, The God of Angelic Armies,22411-2-the-god-of-angelic-armies,,,
,,,,,, God Is Your Loving Daddy,22411-3-god-is-your-loving-daddy,,,
,,,,,, Go into the Word,22411-4-go-into-the-word,,,
,,,,,, Walk by Faith and Not by Sight,22411-5-walk-by-faith-and-not-by-sight,,,
,,,,,, God Oversees Your Nothings,22411-6-god-oversees-your-nothings,,,
,,,,,, Don't Give Up,22411-7-dont-give-up,,,
,,,,,, The Two Faces of Grace,22411-8-the-two-faces-of-grace,,,
,,,,,, God's Purpose in Your Pain,22411-9-gods-purpose-in-your-pain,,,
,,,,,, Total Obedience,22412-0-total-obedience,,,
,,,,,, Follow Me,22412-1-follow-me,,,
,,,,,, Jesus Will Return,22412-2-jesus-will-return,,,
,,,,,, Notes,22412-3-notes,,,
,,21.06,Courage Under Fire,,,,,,,
,,,,,,Love Makes Us Brave,22420-1-love-makes-us-brave,,,
,,,,,,Mighty Man of Valor,22420-2-mighty-man-of-valor,,,
,,,,,,Laughing at our Fears,22420-3-laughing-at-our-fears,,,
,,,,,,Becoming Like a Child Takes Courage,22420-4-becoming-like-a-child-takes-courage,,,
,,,,,,Woman of Valor,22420-5-woman-of-valor,,,
,,,,,,Doing Hard Things,22420-6-doing-hard-things,,,
,,,,,,Courage When You Feel “Less Than”,22420-7-courage-when-you-feel-less-than,,,
,,,,,,Behind Closed Doors,22420-8-behind-closed-doors,,,
,,,,,,Courage Takes the Next Step,22420-9-courage-takes-the-next-step,,,
,,,,,,"Open My Eyes, Lord",22421-0-open-my-eyes-lord,,,
,,21.07,Thankfulness,,,,,,,
,,,,,,Try Giving Thanks,22423-1-try-giving-thanks,,,
,,,,,,The Thank You Habit,22423-2-the-thank-you-habit,,,
,,,,,,The Power of Praise,22423-3-the-power-of-praise,,,
,,,,,,Lo and Behold!,22423-4-lo-and-behold,,,
,,,,,,Antidote to Entitlement,22423-5-antidote-to-entitlement,,,
,,,,,,"Behold, I Am the Lord!",22423-6-behold-i-am-the-lord,,,
,,,,,,"Thankful, Period",22423-7-thankful-period,,,
,,,,,,Strategic Thankfulness,22423-8-strategic-thankfulness,,,
,,,,,,Being Thankful Makes Us Healthier,22423-9-being-thankful-makes-us-healthier,,,
,,,,,,Being Thankful Makes Us Happier,22424-0-being-thankful-makes-us-happier,,,
,,21.08,Heart of the Problem,,,,,,,
,,,,,,What Is Your Measuring Stick?,22750-1-what-is-your-measuring-stick,,,
,,,,,,Help! What Should I Do?,22750-2-help-what-should-i-do,,,
,,,,,,Either God IS or He ISN’T,22750-3-either-god-is-or-he-isnt,,,
,,,,,,Parents with Power,22750-4-parents-with-power,,,
,,,,,,Trust in the Lord!,22750-5-trust-in-the-lord,,,
,,,,,,Take Out the Trash!,22750-6-take-out-the-trash,,,
,,,,,,Peace in Places and Activities,22750-7-peace-in-places-and-activities,,,
,,,,,,Pursuing Peace in Things,22750-8-pursuing-peace-in-things,,,
,,,,,,Peace and People and Jesus,22750-9-peace-and-people-and-jesus,,,
,,,,,,Who Can I Blame?,22751-0-who-can-i-blame,,,
,,,,,,A Correct Diagnosis is Needed for a Cure,22751-1-a-correct-diagnosis-is-needed-for-a-cure,,,
,,,,,,What Does It Mean to Be Born Again?,22751-2-what-does-it-mean-to-be-born-again,,,
,,,,,,Why Can’t I Do What is Right?,22751-3-why-cant-i-do-what-is-right,,,
,,,,,,Don’t Be a Better Actor,22751-4-dont-be-a-better-actor,,,
,,,,,,What Is Sin…Really?,22751-5-what-is-sin-really,,,
,,,,,,The Holy Spirit,22751-6-the-holy-spirit,,,
,,,,,,How Can I Be Filled with the Holy Spirit?,22751-7-how-can-i-be-filled-with-the-holy-spirit,,,
,,,,,,Walking in the Spirit,22751-8-walking-in-the-spirit,,,
,,,,,,A Soul Checkup!,22751-9-a-soul-checkup,,,
,,,,,,Why Did I Say That?,22752-0-why-did-i-say-that,,,
,,,,,,Charming and Pouting,22752-1-charming-and-pouting,,,
,,,,,,Are You a Grudge Slave?,22752-2-are-you-a-grudge-slave,,,
,,,,,,Why Should I Forgive?,22752-3-why-should-i-forgive,,,
,,,,,,How Can I Forgive?,22752-4-how-can-i-forgive,,,
,,,,,,Are You Angry?,22752-5-are-you-angry,,,
,,,,,,Anger Can Kill You,22752-6-anger-can-kill-you,,,
,,,,,,Did God Really Say “Get Angry”?,22752-7-did-god-really-say-get-angry,,,
,,,,,,A Date With Death,22752-8-a-date-with-death,,,
,,,,,,Will God Answer My Prayer?,22752-9-will-god-answer-my-prayer,,,
,,,,,,Take Every Thought Captive,22753-0-take-every-thought-captive,,,
,,,,,,Practicing the Basics,22753-1-practicing-the-basics,,,
,,21.09,KingdomNomics for Eternal Impact,,,,,,,
,,,,21.09.01,Store Up Treasure in Heaven,,,,,
,,,,,,Introduction to Store Up Treasure in Heaven,22810-introduction-to-store-up-treasure-in-heaven,,,
,,,,,,Give Your Heart to God,22810-001-give-your-heart-to-god,,,
,,,,,,Seek God Diligently,22810-002-seek-god-diligently,,,
,,,,,,Know God and His Ways,22810-003-know-god-and-his-ways,,,
,,,,,,Focus on Jesus,22810-004-focus-on-jesus,,,
,,,,,,Discover God's Purpose for You,22810-005-discover-gods-purpose-for-you,,,
,,,,,,Renew Your Mind,22810-006-renew-your-mind,,,
,,,,,,Desire God's Word,22810-007-desire-gods-word,,,
,,,,,,Soak in God's Word,22810-008-soak-in-gods-word,,,
,,,,,,Sow to the Spirit,22810-009-sow-to-the-spirit,,,
,,,,,,Flow with the Spirit,22810-010-flow-with-the-spirit,,,
,,,,,,Respond to the Spirit's Promptings,22810-011-respond-to-the-spirits-promptings,,,
,,,,,,Ask God for Insight and Wisdom,22810-012-ask-god-for-insight-and-wisdom,,,
,,,,,,Follow God's Revealed Will,22810-013-follow-gods-revealed-will,,,
,,,,,,Anticipate God's Involvement,22810-014-anticipate-gods-involvement,,,
,,,,,,Love Others,22810-015-love-others,,,
,,,,,,Shine for Jesus,22810-016-shine-for-jesus,,,
,,,,,,Embrace Your Citizenship,22810-017-embrace-your-citizenship,,,
,,,,,,Commit Your Way,22810-018-commit-your-way,,,
,,,,,,Submit Your Thought Life to the Spirit,22810-019-submit-your-thought-life-to-the-spirit,,,
,,,,,,Guard Your Heart,22810-020-guard-your-heart,,,
,,,,,,Beware of Greed,22810-021-beware-of-greed,,,
,,,,,,Depend on the Power of the Cross,22810-022-depend-on-the-power-of-the-cross,,,
,,,,,,Obey God in Giving,22810-023-obey-god-in-giving,,,
,,,,,,Give Cheerfully,22810-024-give-cheerfully,,,
,,,,,,Receive God's Blessings,22810-025-receive-gods-blessings,,,
,,,,,,Invest in Eternity,22810-026-invest-in-eternity,,,
,,,,,,Advance God's Kingdom,22810-027-advance-gods-kingdom,,,
,,,,,,Reign with Jesus,22810-028-reign-with-jesus,,,
,,,,,,Live for Eternal Significance,22810-029-live-for-eternal-significance,,,
,,,,,,Concentrate on Eternity,22810-030-concentrate-on-eternity,,,
,,,,,,"Use Your Time, Talent, and Treasure for God's Kingdom",22810-031-use-your-time-talent-and-treasure-for-gods-kingdom,,,
,,,,21.09.02,Son Power for Supernatural Living,,,,,
,,,,,,Introduction to Son Power for Supernatural Living,22820-introduction-to-son-power-for-supernatural-living,,,
,,,,,,You Are Empowered to Make a Difference!,22820-001-you-are-empowered-to-make-a-difference,,,
,,,,,,Jesus' Power Working in and through You,22820-002-jesus-power-working-in-and-through-you,,,
,,,,,,Experience Spiritual Birth,22820-003-experience-spiritual-birth,,,
,,,,,,Depend on the Holy Spirit,22820-004-depend-on-the-holy-spirit,,,
,,,,,,Embrace Your Spiritual Identity,22820-005-embrace-your-spiritual-identity,,,
,,,,,,Get Sin Out of the Way,22820-006-get-sin-out-of-the-way,,,
,,,,,,"The Three Amigos: Me, Myself, and I",22820-007-the-three-amigos-me-myself-and-i,,,
,,,,,,Head Knowledge AND Heart Knowledge,22820-008-head-knowledge-and-heart-knowledge,,,
,,,,,,Letting Jesus Christ Take Control,22820-009-letting-jesus-christ-take-control,,,
,,,,,,A Wish or a Goal?,22820-010-a-wish-or-a-goal,,,
,,,,,,The World vs. the Word,22820-011-the-world-vs-the-word,,,
,,,,,,"Son Power and Soak, Sow, and Flow",22820-012-son-power-and-soak-sow-and-flow,,,
,,,,,,The 4 Rs,22820-013-the-4-rs,,,
,,,,,,Son Power Is Spiritual Power,22820-014-son-power-is-spiritual-power,,,
,,,,,,Supernatural Power,22820-015-supernatural-power,,,
,,,,,,Day by Day by Day,22820-016-day-by-day-by-day,,,
,,,,,,Your Daily Commitment to God's Word,22820-017-your-daily-commitment-to-gods-word,,,
,,,,,,Your Daily Commitment to Prayer,22820-018-your-daily-commitment-to-prayer,,,
,,,,,,Your Daily Commitment to Exalting Christ,22820-019-your-daily-commitment-to-exalting-christ,,,
,,,,,,Your Daily Commitment to Setting Your Eyes on the Heavenly Prize,22820-020-your-daily-commitment-to-setting-your-eyes-on-the-heavenly-prize,,,
,,,,,,Your Daily Commitment Perseverance,22820-021-your-daily-commitment-to-perseverance,,,
,,,,,,Son Power and Spiritual Opposition,22820-022-son-power-and-spiritual-opposition,,,
,,,,,,Call on God!,22820-023-call-on-god,,,
,,,,,,Focus on God's Power,22820-024-focus-on-gods-power,,,
,,,,,,Filled with the Holy Spirit,22820-025-filled-with-the-holy-spirit,,,
,,,,,,Use the Armor of God,22820-026-use-the-armor-of-god,,,
,,,,,,God's GRACE,22820-027-gods-grace,,,
,,,,,,Son Power and the Use of Your Time,22820-028-son-power-and-the-use-of-your-time,,,
,,,,,,Son Power's Impact on Your Time,22820-029-son-powers-impact-on-your-time,,,
,,,,,,Son Power and Your Treasure,22820-030-son-power-and-your-treasure,,,
,,,,,,Live the Son-Powered Life!,22820-031-live-the-son-powered-life,,,
,,,,21.09.03,KingdomNomics Converterlator,,,,,
,,,,,,Introduction to Kingdomnomics Converterlator,22830-introduction-to-kingdomnomics-converterlator,,,
,,,,,,Becoming a Converterlator,22830-001-becoming-a-converterlator,,,
,,,,,,We Live in a Perishing World,22830-002-we-live-in-a-perishing-world,,,
,,,,,,Life Is Short!,22830-003-life-is-short,,,
,,,,,,A Converterlator in Action,22830-004-a-converterlator-in-action,,,
,,,,,,The Reward Factor,22830-005-the-reward-factor,,,
,,,,,,"Satan, the Chief Consumerlator",22830-006-satan-the-chief-consumerlator,,,
,,,,,,"Choices, Choices, Choices",22830-007-choices-choices-choices,,,
,,,,,,The Compass of Life,22830-008-the-compass-of-life,,,
,,,,,,Focus on Jesus,22830-009-focus-on-jesus,,,
,,,,,,An Intimate Relationship with God,22830-010-an-intimate-relationship-with-god,,,
,,,,,,Trusting God in All Things,22830-011-trusting-god-in-all-things,,,
,,,,,,"Converterlating and Soak, Sow, And Flow",22830-012-converterlating-and-soak-sow-and-flow,,,
,,,,,,Gold vs. God,22830-013-gold-vs-god,,,
,,,,,,The Power of God's Word,22830-014-the-power-of-gods-word,,,
,,,,,,Activating God's Word,22830-015-activating-gods-word,,,
,,,,,,Encountering the Holy Spirit,22830-016-encountering-the-holy-spirit,,,
,,,,,,"The Holy Spirit Seals, Reveals, and Deals",22830-017-the-holy-spirit-seals-reveals-and-deals,,,
,,,,,,Experiencing the Holy Spirit's Power,22830-018-experiencing-the-holy-spirits-power,,,
,,,,,,Designed by God for a Purpose,22830-019-designed-by-god-for-a-purpose,,,
,,,,,,God's Toolbox,22830-020-gods-toolbox,,,
,,,,,,God's Plans and Purposes,22830-021-gods-plans-and-purposes,,,
,,,,,,Eeternal Significance,22830-022-eternal-significance,,,
,,,,,,Converterlating Your Time,22830-023-converterlating-your-time,,,
,,,,,,Making an Impact,22830-024-making-an-impact,,,
,,,,,,The Chief Consumerlator Wants Your Time,22830-025-the-chief-consumerlator-wants-your-time,,,
,,,,,,Finding Balance,22830-026-finding-balance,,,
,,,,,,Converterlating Your Talent,22830-027-converterlating-your-talent,,,
,,,,,,Your SPECIAL Design,22830-028-your-special-design,,,
,,,,,,Changed Perspective,22830-029-changed-perspective,,,
,,,,,,Weaving a Pattern of Giving,22830-030-weaving-a-pattern-of-giving,,,
,,,,,,Echo into Eternity,22830-031-echo-into-eternity,,,
,,21.10,Understanding God's Will,,,,,,,
,,,,,,Sovereignly Unique,22510-001-sovereignly-unique,,,
,,,,,,Father Knows Best,22510-002-father-knows-best,,,
,,,,,,God's Timing,22510-003-gods-timing,,,
,,,,,,Doing Something New,22510-004-doing-something-new,,,
,,,,,,Growing in Tough Times,22510-005-growing-in-tough-times,,,
,,,,,,Moving On,22510-006-moving-on,,,
,,,,,,Seek Divine Guidance,22510-007-seek-divine-guidance,,,
,,,,,,"Ask, Seek, Knock",22510-008-ask-seek-knock,,,
,,,,,,The Next Faith Step,22510-009-the-next-faith-step,,,
,,21.11,New Perspective on Life Change,,,,,,,
,,,,,,Character Matters,22591-character-matters,,,
,,,,,,Voices in Your Head,22592-voices-in-your-head,,,
,,,,,,A Thankful Heart,22593-a-thankful-heart,,,
,,,,,,Unconditional Love,22594-unconditional-love,,,
,,,,,,Fear Not,22595-fear-not,,,
,,,,,,A Perseverance Mindset,22596-a-perseverance-mindset,,,
,,,,,,It’s Not Impossible!,22597-its-not-impossible,,,
,,,,,,Trusting God,22598-trusting-god,,,
,,,,,,,,,,
,,,,,,,,,,
,,,,,,,,,,
,,,,,,,,,,
